[{
  "image" : "assets/img/nfts/Nft1.png",
  "name":["Abstract 3D"],
  "stock": 2458, 
  "price": "$95",
  "total sales": 17 
},
{
  "image" : "assets/img/nfts/Nft2.png",
  "name":["Sarphens Illustration"],
  "stock": 1485, 
  "price": "$90",
  "total sales": 10  
},
{
  "image" : "assets/img/nfts/Nft3.png",
  "name":["Sarphens Illustration 3D"],
  "stock": 1024, 
  "price": "$75",
  "total sales": 21  
},
{
  "image" : "assets/img/nfts/Nft4.png",
  "name":["Venus 3D Asset"],
  "stock": 858, 
  "price": "$50",
  "total sales": 31
},
{
  "image" : "assets/img/nfts/Nft5.png",
  "name":["Marketplace"],
  "stock": 258, 
  "price": "$100",
  "total sales": 12 
}
]
